{
  "name": "",
  "new_cluster": {
    "spark_version": "6.4.x-scala2.11",
    "node_type_id": "r3.xlarge",
    "driver_node_type_id": "i3.xlarge",
    "cluster_log_conf": {
      "dbfs": {
        "destination": "dbfs:/cluster-logs"
      }
    },
    "aws_attributes": {
      "availability": "",
      "instance_profile_arn": ""
    },
    "autoscale":{
      "min_workers": 1,
      "max_workers": ""
    },
    "spark_conf": {
      "spark.databricks.hive.metastore.glueCatalog.enabled":"true",
      "spark.sql.autoBroadcastJoinThreshold":"-1"
    }
  },
  "libraries": [
    {
      "jar": "dbfs:/my-jar.jar"
    },
    {
      "maven": {
        "coordinates": "org.scalaj:scalaj-http_2.11:2.4.2"
      }
    },
    {
      "maven": {
        "coordinates": "com.typesafe.play:play-json_2.11:2.7.4"
      }
    }
  ],
  "email_notifications": {
    "on_start": ["goutham473@gmail.com"],
    "on_success": ["goutham473@gmail.com"],
    "on_failure": ["goutham473@gmail.com"]
  },
  "max_retries": -1,
  "notebook_task": {
    "notebook_path": "",
    "base_parameters": {
      "dbname": "",
      "s3Buckets": "",
      "apiEndpoint": ""
    }
  }
}